ENTITY	text:Carcinoma microcítico	normalName:carcinoma_microcítico	predictedType:MOR_NEO	q:true	qid:Q1	docId:cc_onco1	origText:Carcinoma microcítico	url:NaN
CANDIDATE	id:81243	inCount:5	outCount:1	links:	url:8124/3	name:Carcinoma cloacogénico	normalName:carcinoma_cloacogénico	normalWikiTitle:carcinoma_cloacogénico	predictedType:MOR_NEO
CANDIDATE	id:80953	inCount:5	outCount:1	links:	url:8095/3	name:Carcinoma metatípico	normalName:carcinoma_metatípico	normalWikiTitle:carcinoma_metatípico	predictedType:MOR_NEO
CANDIDATE	id:85863	inCount:5	outCount:1	links:	url:8586/3	name:Carcinoma tímico, SAI	normalName:carcinoma_tímico,_sai	normalWikiTitle:carcinoma_tímico,_sai	predictedType:MOR_NEO
CANDIDATE	id:82020	inCount:5	outCount:1	links:	url:8202/0	name:Adenoma microquístico	normalName:adenoma_microquístico	normalWikiTitle:adenoma_microquístico	predictedType:MOR_NEO
CANDIDATE	id:81453	inCount:5	outCount:1	links:	url:8145/3	name:Carcinoma, tipo difuso	normalName:carcinoma,_tipo_difuso	normalWikiTitle:carcinoma,_tipo_difuso	predictedType:MOR_NEO
CANDIDATE	id:82703	inCount:5	outCount:1	links:	url:8270/3	name:Carcinoma cromófobo	normalName:carcinoma_cromófobo	normalWikiTitle:carcinoma_cromófobo	predictedType:MOR_NEO
CANDIDATE	id:94113	inCount:5	outCount:1	links:	url:9411/3	name:Astrocitoma gemistocítico	normalName:astrocitoma_gemistocítico	normalWikiTitle:astrocitoma_gemistocítico	predictedType:MOR_NEO
CANDIDATE	id:94211	inCount:5	outCount:1	links:	url:9421/1	name:Astrocitoma pilocítico	normalName:astrocitoma_pilocítico	normalWikiTitle:astrocitoma_pilocítico	predictedType:MOR_NEO
CANDIDATE	id:85083	inCount:5	outCount:1	links:	url:8508/3	name:Carcinoma hipersecretor quístico	normalName:carcinoma_hipersecretor_quístico	normalWikiTitle:carcinoma_hipersecretor_quístico	predictedType:MOR_NEO
CANDIDATE	id:80109	inCount:5	outCount:1	links:	url:8010/9	name:Carcinomatosis	normalName:carcinomatosis	normalWikiTitle:carcinomatosis	predictedType:MOR_NEO
ENTITY	text:M0	normalName:m0	predictedType:MOR_NEO	q:true	qid:Q1	docId:cc_onco1	origText:M0	url:NaN
CANDIDATE	id:88950	inCount:5	outCount:1	links:	url:8895/0	name:Mioma	normalName:mioma	normalWikiTitle:mioma	predictedType:MOR_NEO
CANDIDATE	id:82481	inCount:5	outCount:1	links:	url:8248/1	name:Apudoma	normalName:apudoma	normalWikiTitle:apudoma	predictedType:MOR_NEO
CANDIDATE	id:88800	inCount:5	outCount:1	links:	url:8880/0	name:Hibernoma 	normalName:hibernoma_	normalWikiTitle:hibernoma_	predictedType:MOR_NEO
CANDIDATE	id:90643	inCount:5	outCount:1	links:	url:9064/3	name:Germinoma 	normalName:germinoma_	normalWikiTitle:germinoma_	predictedType:MOR_NEO
CANDIDATE	id:93601	inCount:5	outCount:1	links:	url:9360/1	name:Pinealoma	normalName:pinealoma	normalWikiTitle:pinealoma	predictedType:MOR_NEO
CANDIDATE	id:81551	inCount:5	outCount:1	links:	url:8155/1	name:Vipoma, SAI	normalName:vipoma,_sai	normalWikiTitle:vipoma,_sai	predictedType:MOR_NEO
CANDIDATE	id:85801	inCount:5	outCount:1	links:	url:8580/1	name:Timoma, SAI	normalName:timoma,_sai	normalWikiTitle:timoma,_sai	predictedType:MOR_NEO
CANDIDATE	id:86000	inCount:5	outCount:1	links:	url:8600/0	name:Tecoma, SAI	normalName:tecoma,_sai	normalWikiTitle:tecoma,_sai	predictedType:MOR_NEO
CANDIDATE	id:88240	inCount:5	outCount:1	links:	url:8824/0	name:Miofibroma	normalName:miofibroma	normalWikiTitle:miofibroma	predictedType:MOR_NEO
CANDIDATE	id:88400	inCount:5	outCount:1	links:	url:8840/0	name:Mixoma, SAI	normalName:mixoma,_sai	normalWikiTitle:mixoma,_sai	predictedType:MOR_NEO
